{
	"info": {
		"_postman_id": "5f55b66e-6ecf-4be3-91da-8cde9ac293ce",
		"name": "Inventory-Service",
		"schema": "https://schema.getpostman.com/json/collection/v2.1.0/collection.json",
		"_exporter_id": "29886804"
	},
	"item": [
		{
			"name": "IsInStock",
			"request": {
				"method": "GET",
				"header": [],
				"url": {
					"raw": "http://localhost:8083/api/inventory/sku_12345",
					"protocol": "http",
					"host": [
						"localhost"
					],
					"port": "8083",
					"path": [
						"api",
						"inventory",
						"sku_12345"
					]
				}
			},
			"response": []
		}
	]
}