{
	"info": {
		"_postman_id": "bc3d81cf-d949-4326-add0-9637914e7748",
		"name": "Product-Service",
		"schema": "https://schema.getpostman.com/json/collection/v2.1.0/collection.json",
		"_exporter_id": "29886804"
	},
	"item": [
		{
			"name": "Get Request",
			"request": {
				"method": "GET",
				"header": [],
				"url": {
					"raw": "http://localhost:8282/api/product",
					"protocol": "http",
					"host": [
						"localhost"
					],
					"port": "8282",
					"path": [
						"api",
						"product"
					]
				}
			},
			"response": []
		},
		{
			"name": "Create Product",
			"request": {
				"method": "POST",
				"header": [],
				"body": {
					"mode": "raw",
					"raw": "{\n    \"name\" : \"Apple iPad 2023\",\n    \"description\" : \"The new Apple iPad\",\n    \"price\" : \"999.99\"\n}",
					"options": {
						"raw": {
							"language": "json"
						}
					}
				},
				"url": {
					"raw": "http://localhost:8282/api/product",
					"protocol": "http",
					"host": [
						"localhost"
					],
					"port": "8282",
					"path": [
						"api",
						"product"
					]
				}
			},
			"response": []
		},
		{
			"name": "Update Product",
			"request": {
				"method": "PUT",
				"header": [],
				"body": {
					"mode": "raw",
					"raw": "{\n    \"name\" : \"Apple iPad 2023\",\n    \"description\" : \"The new Apple iPad\",\n    \"price\" : \"1999.99\"\n}",
					"options": {
						"raw": {
							"language": "json"
						}
					}
				},
				"url": {
					"raw": "http://localhost:8282/api/product/650e063ce1338c22cfca4174",
					"protocol": "http",
					"host": [
						"localhost"
					],
					"port": "8282",
					"path": [
						"api",
						"product",
						"650e063ce1338c22cfca4174"
					]
				}
			},
			"response": []
		},
		{
			"name": "Delete Product",
			"request": {
				"method": "DELETE",
				"header": [],
				"body": {
					"mode": "raw",
					"raw": "",
					"options": {
						"raw": {
							"language": "json"
						}
					}
				},
				"url": {
					"raw": "http://localhost:8282/api/product/650e063ce1338c22cfca4174",
					"protocol": "http",
					"host": [
						"localhost"
					],
					"port": "8282",
					"path": [
						"api",
						"product",
						"650e063ce1338c22cfca4174"
					]
				}
			},
			"response": []
		}
	]
}